topic_id,category_id,type,title,instructions,questions,difficulty,points,is_test,id,created_date,updated_date,created_by_id,created_by,is_sample
"696cd34015988b18c878c0a9","","analysis","Rozbory - AUTO","Klikni na ka쬯칠 p칤smeno a obarvi ho: 游댮 캛erven치 = Samohl치sky, 游댯 Modr치 = Souhl치sky","[{""question"":""Ozna캜 p칤smena ve slov캩 AUTO"",""answer"":null,""options"":[],""pairs"":[],""categories"":[],""text"":""A U T O"",""words"":[{""word"":""A"",""color"":""red""},{""word"":""U"",""color"":""red""},{""word"":""T"",""color"":""blue""},{""word"":""O"",""color"":""red""}],""type"":null,""audio_url"":null,""image_url"":null}]","2","","","696cde25249c79107a073b52","2026-01-18T13:20:37.215000","2026-01-18T13:20:37.215000","696aa9031255ba6e2495e926","f.masek68@gmail.com","false"
"696cd34015988b18c878c0a9","","analysis","Rozbory - BABI캛KA","Klikni na ka쬯칠 p칤smeno a obarvi ho: 游댮 캛erven치 = Samohl치sky, 游댯 Modr치 = Souhl치sky","[{""question"":""Ozna캜 p칤smena ve slov캩 BABI캛KA"",""answer"":null,""options"":[],""pairs"":[],""categories"":[],""text"":""B A B I 캛 K A"",""words"":[{""word"":""B"",""color"":""blue""},{""word"":""A"",""color"":""red""},{""word"":""B"",""color"":""blue""},{""word"":""I"",""color"":""red""},{""word"":""캛"",""color"":""blue""},{""word"":""K"",""color"":""blue""},{""word"":""A"",""color"":""red""}],""type"":null,""audio_url"":null,""image_url"":null}]","3","","","696cde25249c79107a073b53","2026-01-18T13:20:37.215000","2026-01-18T13:20:37.215000","696aa9031255ba6e2495e926","f.masek68@gmail.com","false"
"696cd34015988b18c878c0a9","","cloze","Dopl켿ov치n칤 - TATA","Dopl켿 chyb캩j칤c칤 p칤smena kliknut칤m na spr치vnou variantu","[{""question"":null,""answer"":""A___A"",""options"":[""A"",""O"",""E"",""I""],""pairs"":[],""categories"":[],""text"":""T___T___"",""words"":[],""type"":null,""audio_url"":null,""image_url"":null}]","2","","","696cde25249c79107a073b54","2026-01-18T13:20:37.215000","2026-01-18T13:20:37.215000","696aa9031255ba6e2495e926","f.masek68@gmail.com","false"
"696cd34015988b18c878c0a9","","cloze","Dopl켿ov치n칤 - OKNO","Dopl켿 chyb캩j칤c칤 p칤smena kliknut칤m na spr치vnou variantu","[{""question"":null,""answer"":""O___O"",""options"":[""O"",""A"",""E"",""U""],""pairs"":[],""categories"":[],""text"":""___KN___"",""words"":[],""type"":null,""audio_url"":null,""image_url"":null}]","3","","","696cde25249c79107a073b55","2026-01-18T13:20:37.215000","2026-01-18T13:20:37.215000","696aa9031255ba6e2495e926","f.masek68@gmail.com","false"
"696cd34015988b18c878c0a9","","sort","Roz콏azova캜ka p칤smen - Lehk치","Za콏a캞 p칤smena do spr치vn칳ch skupin","[{""question"":null,""answer"":null,""options"":[],""pairs"":[],""categories"":[{""name"":""Samohl치sky"",""items"":[""A"",""E""]},{""name"":""Souhl치sky"",""items"":[""B"",""M""]}],""text"":null,""words"":[],""type"":null,""audio_url"":null,""image_url"":null}]","1","15","","696cd4b960e4a14cf4aeeaec","2026-01-18T12:40:25.501000","2026-01-18T12:40:25.501000","696aa9031255ba6e2495e926","f.masek68@gmail.com","false"
"696cd34015988b18c878c0a9","","cloze","Dopl켿ov치n칤 - Chyb캩j칤c칤 p칤smena","Dopl켿 chyb캩j칤c칤 p칤smena kliknut칤m na spr치vnou variantu","[{""text"":""M___M___"",""answer"":""A___A"",""options"":[""A"",""O"",""E"",""I""]}]","1","10","","696cd4b960e4a14cf4aeeaed","2026-01-18T12:40:25.501000","2026-01-18T13:20:59.076000","696aa9031255ba6e2495e926","f.masek68@gmail.com","false"
"696cd34015988b18c878c0a9","","analysis","Rozbory - Samohl치sky a souhl치sky","Klikni na ka쬯칠 p칤smeno a obarvi ho: 游댮 캛erven치 = Samohl치sky, 游댯 Modr치 = Souhl치sky","[{""question"":""Ozna캜 p칤smena ve slov캩 MAMA"",""text"":""M A M A"",""words"":[{""word"":""M"",""color"":""blue""},{""word"":""A"",""color"":""red""},{""word"":""M"",""color"":""blue""},{""word"":""A"",""color"":""red""}]}]","1","15","","696cd4b960e4a14cf4aeeaee","2026-01-18T12:40:25.501000","2026-01-18T13:20:57.904000","696aa9031255ba6e2495e926","f.masek68@gmail.com","false"
"696cd34015988b18c878c0a9","","listening","Poslech a psan칤 - Lehk칠","Poslechni si slovo a napi코 ho","[{""question"":""Napi코, co sly코칤코"",""answer"":""PES"",""options"":[],""pairs"":[],""categories"":[],""text"":null,""words"":[],""type"":null,""audio_url"":""placeholder-audio-pes.mp3"",""image_url"":null}]","1","10","","696cd4b960e4a14cf4aeeaef","2026-01-18T12:40:25.501000","2026-01-18T12:40:25.501000","696aa9031255ba6e2495e926","f.masek68@gmail.com","false"
"696cd34015988b18c878c0a9","","image","Obr치zek a psan칤 - Lehk칠","Pod칤vej se na obr치zek a napi코, co vid칤코","[{""question"":""Co je na obr치zku?"",""answer"":""PES"",""options"":[],""pairs"":[],""categories"":[],""text"":null,""words"":[],""type"":null,""audio_url"":null,""image_url"":""placeholder-image-dog.jpg""}]","1","10","","696cd4b960e4a14cf4aeeaf0","2026-01-18T12:40:25.501000","2026-01-18T12:40:25.501000","696aa9031255ba6e2495e926","f.masek68@gmail.com","false"
"696cd34015988b18c878c0a9","","decision","Rozhodova캜ka - St콏edn칤","Vyber spr치vnou odpov캩캞","[{""question"":""Je p칤smeno O samohl치ska?"",""answer"":""Ano"",""options"":[""Ano"",""Ne""],""pairs"":[],""categories"":[],""text"":null,""words"":[],""type"":null,""audio_url"":null,""image_url"":null},{""question"":""Je p칤smeno K souhl치ska?"",""answer"":""Ano"",""options"":[""Ano"",""Ne""],""pairs"":[],""categories"":[],""text"":null,""words"":[],""type"":null,""audio_url"":null,""image_url"":null}]","2","15","","696cd4b960e4a14cf4aeeaf1","2026-01-18T12:40:25.501000","2026-01-18T12:40:25.501000","696aa9031255ba6e2495e926","f.masek68@gmail.com","false"
"696cd34015988b18c878c0a9","","quiz","Ot치zky - St콏edn칤","Odpov칤dej na ot치zky","[{""question"":""Kolik slabik m치 slovo AUTO?"",""answer"":""2"",""options"":[""1"",""2"",""3""],""pairs"":[],""categories"":[],""text"":null,""words"":[],""type"":null,""audio_url"":null,""image_url"":null},{""question"":""Kter칠 p칤smeno je samohl치ska?"",""answer"":""U"",""options"":[""T"",""U"",""K""],""pairs"":[],""categories"":[],""text"":null,""words"":[],""type"":null,""audio_url"":null,""image_url"":null}]","2","20","","696cd4b960e4a14cf4aeeaf2","2026-01-18T12:40:25.501000","2026-01-18T12:40:25.501000","696aa9031255ba6e2495e926","f.masek68@gmail.com","false"
"696cd34015988b18c878c0a9","","memory","Pexeso - St콏edn칤","Najdi p치ry stejn칳ch p칤smen","[{""question"":null,""answer"":null,""options"":[],""pairs"":[{""left"":""E"",""right"":""E""},{""left"":""F"",""right"":""F""},{""left"":""G"",""right"":""G""},{""left"":""H"",""right"":""H""},{""left"":""I"",""right"":""I""}],""categories"":[],""text"":null,""words"":[],""type"":null,""audio_url"":null,""image_url"":null}]","2","25","","696cd4b960e4a14cf4aeeaf3","2026-01-18T12:40:25.501000","2026-01-18T12:40:25.501000","696aa9031255ba6e2495e926","f.masek68@gmail.com","false"
"696cd34015988b18c878c0a9","","fill","Vpisov치n칤 - St콏edn칤","Napi코 spr치vn칠 p칤smeno","[{""question"":""Jak za캜칤na slovo OKNO?"",""answer"":""O"",""options"":[],""pairs"":[],""categories"":[],""text"":null,""words"":[],""type"":null,""audio_url"":null,""image_url"":null},{""question"":""Jak za캜칤n치 slovo ST콡L?"",""answer"":""S"",""options"":[],""pairs"":[],""categories"":[],""text"":null,""words"":[],""type"":null,""audio_url"":null,""image_url"":null}]","2","15","","696cd4b960e4a14cf4aeeaf4","2026-01-18T12:40:25.501000","2026-01-18T12:40:25.501000","696aa9031255ba6e2495e926","f.masek68@gmail.com","false"
"696cd34015988b18c878c0a9","","quiz","Ot치zky - T캩쬶칠","Odpov칤dej na ot치zky","[{""question"":""Kolik p칤smen m치 캜esk치 abeceda?"",""answer"":""42"",""options"":[""26"",""33"",""42"",""50""],""pairs"":[],""categories"":[],""text"":null,""words"":[],""type"":null,""audio_url"":null,""image_url"":null},{""question"":""Kolik slabik m치 slovo ABECEDA?"",""answer"":""4"",""options"":[""3"",""4"",""5""],""pairs"":[],""categories"":[],""text"":null,""words"":[],""type"":null,""audio_url"":null,""image_url"":null}]","3","25","","696cd4b960e4a14cf4aeeaf5","2026-01-18T12:40:25.501000","2026-01-18T12:40:25.501000","696aa9031255ba6e2495e926","f.masek68@gmail.com","false"
"696cd34015988b18c878c0a9","","memory","Pexeso - T캩쬶칠","Najdi p치ry stejn칳ch p칤smen","[{""question"":null,""answer"":null,""options"":[],""pairs"":[{""left"":"""",""right"":""""},{""left"":""캛"",""right"":""캛""},{""left"":""콎"",""right"":""콎""},{""left"":""콯"",""right"":""콯""},{""left"":""칗"",""right"":""칗""},{""left"":""츼"",""right"":""츼""}],""categories"":[],""text"":null,""words"":[],""type"":null,""audio_url"":null,""image_url"":null}]","3","30","","696cd4b960e4a14cf4aeeaf6","2026-01-18T12:40:25.501000","2026-01-18T12:40:25.501000","696aa9031255ba6e2495e926","f.masek68@gmail.com","false"
"696cd34015988b18c878c0a9","","sort","Roz콏azova캜ka - T캩쬶치","Za콏a캞 p칤smena do spr치vn칳ch skupin","[{""question"":null,""answer"":null,""options"":[],""pairs"":[],""categories"":[{""name"":""Samohl치sky"",""items"":[""츼"",""칄"",""칈""]},{""name"":""Souhl치sky"",""items"":["""",""캛"",""콎""]}],""text"":null,""words"":[],""type"":null,""audio_url"":null,""image_url"":null}]","3","25","","696cd4b960e4a14cf4aeeaf7","2026-01-18T12:40:25.501000","2026-01-18T12:40:25.501000","696aa9031255ba6e2495e926","f.masek68@gmail.com","false"
"696cd34015988b18c878c0a9","","analysis","Rozbory slov - T캩쬶칠","Ozna캜 p칤smena podle toho, zda jsou samohl치sky nebo souhl치sky","[{""question"":null,""answer"":null,""options"":[],""pairs"":[],""categories"":[],""text"":""KOLA"",""words"":[{""word"":"""",""color"":""blue""},{""word"":""K"",""color"":""blue""},{""word"":""O"",""color"":""red""},{""word"":""L"",""color"":""blue""},{""word"":""A"",""color"":""red""}],""type"":null,""audio_url"":null,""image_url"":null},{""question"":null,""answer"":null,""options"":[],""pairs"":[],""categories"":[],""text"":""U캛ITEL"",""words"":[{""word"":""U"",""color"":""red""},{""word"":""캛"",""color"":""blue""},{""word"":""I"",""color"":""red""},{""word"":""T"",""color"":""blue""},{""word"":""E"",""color"":""red""},{""word"":""L"",""color"":""blue""}],""type"":null,""audio_url"":null,""image_url"":null}]","3","30","","696cd4b960e4a14cf4aeeaf8","2026-01-18T12:40:25.501000","2026-01-18T12:40:25.501000","696aa9031255ba6e2495e926","f.masek68@gmail.com","false"
"696cd34015988b18c878c0a9","","listening","Poslech a psan칤 - T캩쬶칠","Poslechni si slovo a napi코 ho","[{""question"":""Napi코, co sly코칤코"",""answer"":""KOLA"",""options"":[],""pairs"":[],""categories"":[],""text"":null,""words"":[],""type"":null,""audio_url"":""placeholder-audio-skola.mp3"",""image_url"":null},{""question"":""Napi코, co sly코칤코"",""answer"":""U캛ITEL"",""options"":[],""pairs"":[],""categories"":[],""text"":null,""words"":[],""type"":null,""audio_url"":""placeholder-audio-ucitel.mp3"",""image_url"":null}]","3","25","","696cd4b960e4a14cf4aeeaf9","2026-01-18T12:40:25.501000","2026-01-18T12:40:25.501000","696aa9031255ba6e2495e926","f.masek68@gmail.com","false"
"696cd34015988b18c878c0a9","","image","Obr치zek a psan칤 - T캩쬶칠","Pod칤vej se na obr치zek a napi코, co vid칤코","[{""question"":""Co je na obr치zku?"",""answer"":""KNIHA"",""options"":[],""pairs"":[],""categories"":[],""text"":null,""words"":[],""type"":null,""audio_url"":null,""image_url"":""placeholder-image-book.jpg""},{""question"":""Co je na obr치zku?"",""answer"":""TU콯KA"",""options"":[],""pairs"":[],""categories"":[],""text"":null,""words"":[],""type"":null,""audio_url"":null,""image_url"":""placeholder-image-pencil.jpg""}]","3","25","","696cd4b960e4a14cf4aeeafa","2026-01-18T12:40:25.501000","2026-01-18T12:40:25.501000","696aa9031255ba6e2495e926","f.masek68@gmail.com","false"
"696cd34015988b18c878c0a9","","decision","Pozn치v치n칤 p칤smen","Vyber spr치vnou odpov캩캞","[{""question"":""Jak칠 p칤smeno vid칤코 na obr치zku A?"",""answer"":""A"",""options"":[""A"",""B"",""C""],""pairs"":[],""categories"":[],""text"":null,""words"":[],""type"":null,""audio_url"":null,""image_url"":null},{""question"":""Jak칠 p칤smeno vid칤코 na obr치zku M?"",""answer"":""M"",""options"":[""M"",""N"",""W""],""pairs"":[],""categories"":[],""text"":null,""words"":[],""type"":null,""audio_url"":null,""image_url"":null},{""question"":""Jak칠 p칤smeno vid칤코 na obr치zku O?"",""answer"":""O"",""options"":[""O"",""Q"",""D""],""pairs"":[],""categories"":[],""text"":null,""words"":[],""type"":null,""audio_url"":null,""image_url"":null}]","1","10","","696cd39b51355b822b047ca9","2026-01-18T12:35:39.660000","2026-01-18T12:35:39.660000","696aa9031255ba6e2495e926","f.masek68@gmail.com","false"
"696cd34015988b18c878c0a9","","fill","Dopl켿 p칤smena","Napi코 spr치vn칠 p칤smeno","[{""question"":""Jak za캜칤n치 slovo M츼MA?"",""answer"":""M"",""options"":[],""pairs"":[],""categories"":[],""text"":null,""words"":[],""type"":null,""audio_url"":null,""image_url"":null},{""question"":""Jak za캜칤n치 slovo AUTO?"",""answer"":""A"",""options"":[],""pairs"":[],""categories"":[],""text"":null,""words"":[],""type"":null,""audio_url"":null,""image_url"":null},{""question"":""Jak za캜칤n치 slvo PES?"",""answer"":""P"",""options"":[],""pairs"":[],""categories"":[],""text"":null,""words"":[],""type"":null,""audio_url"":null,""image_url"":null}]","1","15","","696cd39b51355b822b047caa","2026-01-18T12:35:39.660000","2026-01-18T12:35:39.660000","696aa9031255ba6e2495e926","f.masek68@gmail.com","false"
"696cd34015988b18c878c0a9","","memory","Pexeso p칤smen","Najdi p치ry stejn칳ch p칤smen","[{""question"":null,""answer"":null,""options"":[],""pairs"":[{""left"":""A"",""right"":""A""},{""left"":""B"",""right"":""B""},{""left"":""C"",""right"":""C""},{""left"":""D"",""right"":""D""}],""categories"":[],""text"":null,""words"":[],""type"":null,""audio_url"":null,""image_url"":null}]","1","20","","696cd39b51355b822b047cab","2026-01-18T12:35:39.660000","2026-01-18T12:35:39.660000","696aa9031255ba6e2495e926","f.masek68@gmail.com","false"
"696cd34015988b18c878c0a9","","quiz","Kv칤z o p칤smenech","Odpov칤zej na ot치zky","[{""question"":""Kolik m치 캜esk치 abeceda p칤smen?"",""answer"":""42"",""options"":[""26"",""33"",""42"",""50""],""pairs"":[],""categories"":[],""text"":null,""words"":[],""type"":null,""audio_url"":null,""image_url"":null},{""question"":""Kter칠 p칤smeno je samohl치ska?"",""answer"":""A"",""options"":[""B"",""A"",""K"",""M""],""pairs"":[],""categories"":[],""text"":null,""words"":[],""type"":null,""audio_url"":null,""image_url"":null},{""question"":""Kolik slabik m치 slovo MA-MA?"",""answer"":""2"",""options"":[""1"",""2"",""3"",""4""],""pairs"":[],""categories"":[],""text"":null,""words"":[],""type"":null,""audio_url"":null,""image_url"":null}]","1","15","","696cd39b51355b822b047cac","2026-01-18T12:35:39.660000","2026-01-18T12:35:39.660000","696aa9031255ba6e2495e926","f.masek68@gmail.com","false"
"696cd34015988b18c878c0a9","","test","Test - Lehk칠 cvi캜en칤","Uk치, co v코e zn치코!","[{""question"":""Jak칠 p칤smeno vid칤코?"",""answer"":""A"",""options"":[""A"",""B"",""C""],""pairs"":[],""categories"":[],""text"":null,""words"":[],""type"":""decision"",""audio_url"":null,""image_url"":null},{""question"":""Jak za캜칤n치 slovo PES?"",""answer"":""P"",""options"":[],""pairs"":[],""categories"":[],""text"":null,""words"":[],""type"":""fill"",""audio_url"":null,""image_url"":null},{""question"":""Kter칠 p칤smeno je samohl치ska?"",""answer"":""E"",""options"":[""M"",""E"",""K""],""pairs"":[],""categories"":[],""text"":null,""words"":[],""type"":""quiz"",""audio_url"":null,""image_url"":null}]","1","30","true","696cd39b51355b822b047cad","2026-01-18T12:35:39.660000","2026-01-18T12:35:39.660000","696aa9031255ba6e2495e926","f.masek68@gmail.com","false"
"696cd34015988b18c878c0a9","","sort","Roz콏azova캜ka p칤smen","Za콏a캞 p칤smena do spr치vn칳ch skupin","[{""question"":null,""answer"":null,""options"":[],""pairs"":[],""categories"":[{""name"":""Samohl치sky"",""items"":[""A"",""E"",""I""]},{""name"":""Souhl치sky"",""items"":[""B"",""M"",""K""]}],""text"":null,""words"":[],""type"":null,""audio_url"":null,""image_url"":null}]","2","20","","696cd39b51355b822b047cae","2026-01-18T12:35:39.660000","2026-01-18T12:35:39.660000","696aa9031255ba6e2495e926","f.masek68@gmail.com","false"
"696cd34015988b18c878c0a9","","cloze","Dopl켿ov치n칤 textu","Dopl켿 chyb캩j칤c칤 p칤smena","[{""text"":""M__M__"",""answer"":""A___A"",""options"":[""A"",""O"",""E""]}]","2","25","","696cd39b51355b822b047caf","2026-01-18T12:35:39.660000","2026-01-18T12:49:09.043000","696aa9031255ba6e2495e926","f.masek68@gmail.com","false"
"696cd34015988b18c878c0a9","","analysis","Rozbory slov","Ozna캞 p칤smena podle toho, zda jsou samohl치sky nebo souhl치sky","[{""question"":null,""answer"":null,""options"":[],""pairs"":[],""categories"":[],""text"":""MAMA"",""words"":[{""word"":""M"",""color"":""blue""},{""word"":""A"",""color"":""red""},{""word"":""M"",""color"":""blue""},{""word"":""A"",""color"":""red""}],""type"":null,""audio_url"":null,""image_url"":null},{""question"":null,""answer"":null,""options"":[],""pairs"":[],""categories"":[],""text"":""PES"",""words"":[{""word"":""P"",""color"":""blue""},{""word"":""E"",""color"":""red""},{""word"":""S"",""color"":""blue""}],""type"":null,""audio_url"":null,""image_url"":null}]","2","20","","696cd39b51355b822b047cb0","2026-01-18T12:35:39.660000","2026-01-18T12:35:39.660000","696aa9031255ba6e2495e926","f.masek68@gmail.com","false"
"696cd34015988b18c878c0a9","","test","Test - St콏edn캩 t캩쬶칠 cvi캜en칤","Uk치, co v코e zn치코!","[{""question"":null,""answer"":null,""options"":[],""pairs"":[],""categories"":[{""name"":""Samohl치sky"",""items"":[""O"",""U""]},{""name"":""Souhl치sky"",""items"":[""T"",""N""]}],""text"":null,""words"":[],""type"":""sort"",""audio_url"":null,""image_url"":null},{""question"":null,""answer"":""O___A___i"",""options"":[],""pairs"":[],""categories"":[],""text"":""K__캛K__ lov칤 MY___."",""words"":[],""type"":""cloze"",""audio_url"":null,""image_url"":null},{""question"":null,""answer"":null,""options"":[],""pairs"":[],""categories"":[],""text"":""AUTO"",""words"":[{""word"":""A"",""color"":""red""},{""word"":""U"",""color"":""red""},{""word"":""T"",""color"":""blue""},{""word"":""O"",""color"":""red""}],""type"":""analysis"",""audio_url"":null,""image_url"":null}]","2","40","true","696cd39b51355b822b047cb1","2026-01-18T12:35:39.660000","2026-01-18T12:35:39.660000","696aa9031255ba6e2495e926","f.masek68@gmail.com","false"
"696cd34015988b18c878c0a9","","decision","Velk치 a mal치 p칤smena","Vyber spr치vn캩 napsan칠 slovo","[{""question"":""Jak se p칤코e jm칠no Anna?"",""answer"":""Anna"",""options"":[""anna"",""Anna"",""ANNA""],""pairs"":[],""categories"":[],""text"":null,""words"":[],""type"":null,""audio_url"":null,""image_url"":null},{""question"":""Jak se p칤코e jm칠no Praha?"",""answer"":""Praha"",""options"":[""praha"",""Praha"",""PRAHA""],""pairs"":[],""categories"":[],""text"":null,""words"":[],""type"":null,""audio_url"":null,""image_url"":null},{""question"":""Jak se p칤코e slovo pes?"",""answer"":""pes"",""options"":[""Pes"",""pes"",""PES""],""pairs"":[],""categories"":[],""text"":null,""words"":[],""type"":null,""audio_url"":null,""image_url"":null}]","3","15","","696cd39b51355b822b047cb2","2026-01-18T12:35:39.660000","2026-01-18T12:35:39.660000","696aa9031255ba6e2495e926","f.masek68@gmail.com","false"
"696cd34015988b18c878c0a9","","fill","Psan칤 cel칳ch slov","Napi코 cel칠 slovo","[{""question"":""Napi코 slovo KOLA"",""answer"":""KOLA"",""options"":[],""pairs"":[],""categories"":[],""text"":null,""words"":[],""type"":null,""audio_url"":null,""image_url"":null},{""question"":""Napi코 slovo U캛ITEL"",""answer"":""U캛ITEL"",""options"":[],""pairs"":[],""categories"":[],""text"":null,""words"":[],""type"":null,""audio_url"":null,""image_url"":null},{""question"":""Napi코 slovo 콯츼CI"",""answer"":""콯츼CI"",""options"":[],""pairs"":[],""categories"":[],""text"":null,""words"":[],""type"":null,""audio_url"":null,""image_url"":null}]","3","25","","696cd39b51355b822b047cb3","2026-01-18T12:35:39.660000","2026-01-18T12:35:39.660000","696aa9031255ba6e2495e926","f.masek68@gmail.com","false"
"696cd34015988b18c878c0a9","","cloze","Dopl켿ov치n칤 v캩t","Dopl켿 chyb캩j칤c칤 slova","[{""text"":""M__M__"",""answer"":""A___A"",""options"":[""A"",""O"",""E""]}]","3","30","","696cd39b51355b822b047cb4","2026-01-18T12:35:39.660000","2026-01-18T12:49:09.043000","696aa9031255ba6e2495e926","f.masek68@gmail.com","false"
"696cd34015988b18c878c0a9","","test","Fin치ln칤 test - T캩쬶칠 cvi캜en칤","Velk칳 z치v캩re캜n칳 test! Zd치r zdar!","[{""question"":""Jak se p칤코e jm칠no Petr?"",""answer"":""Petr"",""options"":[""petr"",""Petr"",""PETR""],""pairs"":[],""categories"":[],""text"":null,""words"":[],""type"":""decision"",""audio_url"":null,""image_url"":null},{""question"":""Napi코 slovo KNIHA"",""answer"":""KNIHA"",""options"":[],""pairs"":[],""categories"":[],""text"":null,""words"":[],""type"":""fill"",""audio_url"":null,""image_url"":null},{""question"":null,""answer"":""u캜칤me"",""options"":[],""pairs"":[],""categories"":[],""text"":""Ve 코kole se ___ mnoho nov칠ho."",""words"":[],""type"":""cloze"",""audio_url"":null,""image_url"":null},{""question"":""Kolik slabik m치 slovo ABECEDA?"",""answer"":""4"",""options"":[""3"",""4"",""5""],""pairs"":[],""categories"":[],""text"":null,""words"":[],""type"":""quiz"",""audio_url"":null,""image_url"":null}]","3","50","true","696cd39b51355b822b047cb5","2026-01-18T12:35:39.660000","2026-01-18T12:35:39.660000","696aa9031255ba6e2495e926","f.masek68@gmail.com","false"
"696cd34015988b18c878c0a9","","listening","Poslech a psan칤","Poslechni si slovo a napi코 ho","[{""question"":""Napi코, co sly코칤코"",""answer"":""MAMA"",""options"":[],""pairs"":[],""categories"":[],""text"":null,""words"":[],""type"":null,""audio_url"":""placeholder-audio-mama.mp3"",""image_url"":null},{""question"":""Napi코, co sly코칤코"",""answer"":""AUTO"",""options"":[],""pairs"":[],""categories"":[],""text"":null,""words"":[],""type"":null,""audio_url"":""placeholder-audio-auto.mp3"",""image_url"":null}]","2","20","","696cd39b51355b822b047cb6","2026-01-18T12:35:39.660000","2026-01-18T12:35:39.660000","696aa9031255ba6e2495e926","f.masek68@gmail.com","false"
"696cd34015988b18c878c0a9","","image","Obr치zek a psan칤","Pod칤vej se na obr치zek a napi코, co vid칤코","[{""question"":""Co je na obr치zku?"",""answer"":""PES"",""options"":[],""pairs"":[],""categories"":[],""text"":null,""words"":[],""type"":null,""audio_url"":null,""image_url"":""placeholder-image-dog.jpg""},{""question"":""Co je na obr치zku?"",""answer"":""KO캛KA"",""options"":[],""pairs"":[],""categories"":[],""text"":null,""words"":[],""type"":null,""audio_url"":null,""image_url"":""placeholder-image-cat.jpg""}]","2","20","","696cd39b51355b822b047cb7","2026-01-18T12:35:39.660000","2026-01-18T12:35:39.660000","696aa9031255ba6e2495e926","f.masek68@gmail.com","false"
"696be95cc75e09382bc70770","","listening","Poslech slov","Poslechni si slovo a napi코 ho","[{""question"":""Poslechni a napi코"",""answer"":""MAMA"",""options"":[],""pairs"":[],""categories"":[],""text"":null,""words"":[],""type"":null,""audio_url"":null,""image_url"":null},{""question"":""Poslechni a napi코"",""answer"":""AUTO"",""options"":[],""pairs"":[],""categories"":[],""text"":null,""words"":[],""type"":null,""audio_url"":null,""image_url"":null},{""question"":""Poslechni a napi코"",""answer"":""PES"",""options"":[],""pairs"":[],""categories"":[],""text"":null,""words"":[],""type"":null,""audio_url"":null,""image_url"":null}]","1","10","","696cba2cc1d6c00b1e453db4","2026-01-18T10:47:08.602000","2026-01-18T10:47:08.602000","696aa9031255ba6e2495e926","f.masek68@gmail.com","false"
"696be95cc75e09382bc70770","","image","Co vid칤코 na obr치zku?","Pod칤vej se na obr치zek a napi코, co vid칤코","[{""question"":""Co vid칤코 na obr치zku?"",""answer"":""PES"",""options"":[],""pairs"":[],""categories"":[],""text"":null,""words"":[],""type"":null,""audio_url"":null,""image_url"":""https://images.unsplash.com/photo-1587300003388-59208cc962cb?w=400""},{""question"":""Co vid칤코 na obr치zku?"",""answer"":""KO캛KA"",""options"":[],""pairs"":[],""categories"":[],""text"":null,""words"":[],""type"":null,""audio_url"":null,""image_url"":""https://images.unsplash.com/photo-1514888286974-6c03e2ca1dba?w=400""},{""question"":""Co vid칤코 na obr치zku?"",""answer"":""AUTO"",""options"":[],""pairs"":[],""categories"":[],""text"":null,""words"":[],""type"":null,""audio_url"":null,""image_url"":""https://images.unsplash.com/photo-1494976388531-d1058494cdd8?w=400""}]","1","10","","696cba2cc1d6c00b1e453db5","2026-01-18T10:47:08.602000","2026-01-18T10:47:08.602000","696aa9031255ba6e2495e926","f.masek68@gmail.com","false"
"696be95cc75e09382bc70770","","listening","Poslech slabik","Poslechni si slovo a napi코 ho spr치vn캩","[{""question"":""Poslechni a napi코"",""answer"":""KOLO"",""options"":[],""pairs"":[],""categories"":[],""text"":null,""words"":[],""type"":null,""audio_url"":null,""image_url"":null},{""question"":""Poslechni a napi코"",""answer"":""TATA"",""options"":[],""pairs"":[],""categories"":[],""text"":null,""words"":[],""type"":null,""audio_url"":null,""image_url"":null},{""question"":""Poslechni a napi코"",""answer"":""KOLA"",""options"":[],""pairs"":[],""categories"":[],""text"":null,""words"":[],""type"":null,""audio_url"":null,""image_url"":null}]","2","15","","696cba2cc1d6c00b1e453db6","2026-01-18T10:47:08.602000","2026-01-18T10:47:08.602000","696aa9031255ba6e2495e926","f.masek68@gmail.com","false"
"696be95cc75e09382bc70770","","image","Napi코 slovo z obr치zku","Napi코 cel칠 slovo podle obr치zku","[{""question"":""Napi코, co vid칤코"",""answer"":""D칓M"",""options"":[],""pairs"":[],""categories"":[],""text"":null,""words"":[],""type"":null,""audio_url"":null,""image_url"":""https://images.unsplash.com/photo-1568605114967-8130f3a36994?w=400""},{""question"":""Napi코, co vid칤코"",""answer"":""STROM"",""options"":[],""pairs"":[],""categories"":[],""text"":null,""words"":[],""type"":null,""audio_url"":null,""image_url"":""https://images.unsplash.com/photo-1502082553048-f009c37129b9?w=400""},{""question"":""Napi코, co vid칤코"",""answer"":""KNIHA"",""options"":[],""pairs"":[],""categories"":[],""text"":null,""words"":[],""type"":null,""audio_url"":null,""image_url"":""https://images.unsplash.com/photo-1544947950-fa07a98d237f?w=400""}]","2","15","","696cba2cc1d6c00b1e453db7","2026-01-18T10:47:08.602000","2026-01-18T10:47:08.602000","696aa9031255ba6e2495e926","f.masek68@gmail.com","false"
"696be95cc75e09382bc70770","","listening","Obt칤쬹치 slova","Poslechni si slovo a napi코 ho p콏esn캩","[{""question"":""Poslechni a napi코"",""answer"":""ZAHRADA"",""options"":[],""pairs"":[],""categories"":[],""text"":null,""words"":[],""type"":null,""audio_url"":null,""image_url"":null},{""question"":""Poslechni a napi코"",""answer"":""MOT칗L"",""options"":[],""pairs"":[],""categories"":[],""text"":null,""words"":[],""type"":null,""audio_url"":null,""image_url"":null},{""question"":""Poslechni a napi코"",""answer"":""REPUBLIKA"",""options"":[],""pairs"":[],""categories"":[],""text"":null,""words"":[],""type"":null,""audio_url"":null,""image_url"":null}]","3","20","","696cba2cc1d6c00b1e453db8","2026-01-18T10:47:08.602000","2026-01-18T10:47:08.602000","696aa9031255ba6e2495e926","f.masek68@gmail.com","false"
"696be95cc75e09382bc70770","","image","T캩쬶치 slova podle obr치zku","Pod칤vej se a napi코 p콏esn캩","[{""question"":""Co je na obr치zku?"",""answer"":""ZAHRADA"",""options"":[],""pairs"":[],""categories"":[],""text"":null,""words"":[],""type"":null,""audio_url"":null,""image_url"":""https://images.unsplash.com/photo-1558904541-efa843a96f01?w=400""},{""question"":""Co je na obr치zku?"",""answer"":""MOT칗L"",""options"":[],""pairs"":[],""categories"":[],""text"":null,""words"":[],""type"":null,""audio_url"":null,""image_url"":""https://images.unsplash.com/photo-1526336024174-e58f5cdd8e13?w=400""},{""question"":""Co je na obr치zku?"",""answer"":""KOLA"",""options"":[],""pairs"":[],""categories"":[],""text"":null,""words"":[],""type"":null,""audio_url"":null,""image_url"":""https://images.unsplash.com/photo-1509062522246-3755977927d7?w=400""}]","3","20","","696cba2cc1d6c00b1e453db9","2026-01-18T10:47:08.602000","2026-01-18T10:47:08.602000","696aa9031255ba6e2495e926","f.masek68@gmail.com","false"
"696be95cc75e09382bc70770","","cloze","Dopl켿 p칤smeno do slova","Vyber spr치vn칠 p칤smeno do mezery","[{""question"":""M___MA"",""answer"":""A"",""options"":[""A"",""O"",""U"",""E""],""pairs"":[],""categories"":[],""text"":null,""words"":[],""type"":null},{""question"":""T___TA"",""answer"":""츼"",""options"":[""츼"",""A"",""O"",""E""],""pairs"":[],""categories"":[],""text"":null,""words"":[],""type"":null},{""question"":""A___TO"",""answer"":""U"",""options"":[""U"",""O"",""A"",""I""],""pairs"":[],""categories"":[],""text"":null,""words"":[],""type"":null}]","1","10","","696bec2f6b9497f6eff010eb","2026-01-17T20:08:15.421000","2026-01-17T20:08:15.421000","696aa9031255ba6e2495e926","f.masek68@gmail.com","false"
"696be95cc75e09382bc70770","","cloze","Dopl켿 slabiku do slova","Vyber spr치vnou slabiku","[{""question"":""___  ___  (KOLO)"",""answer"":""KO"",""options"":[""KO"",""LO"",""KA"",""LA""],""pairs"":[],""categories"":[],""text"":null,""words"":[],""type"":null},{""question"":""___  ___  (MAMA)"",""answer"":""MA"",""options"":[""MA"",""PA"",""NA"",""TA""],""pairs"":[],""categories"":[],""text"":null,""words"":[],""type"":null},{""question"":""___  ___  (AUTO)"",""answer"":""AU"",""options"":[""AU"",""TO"",""OU"",""AT""],""pairs"":[],""categories"":[],""text"":null,""words"":[],""type"":null}]","2","15","","696bec2f6b9497f6eff010ec","2026-01-17T20:08:15.421000","2026-01-17T20:08:15.421000","696aa9031255ba6e2495e926","f.masek68@gmail.com","false"
"696be95cc75e09382bc70770","","cloze","Dopl켿 slovo do v캩ty","Vyber spr치vn칠 slovo","[{""question"":""M콢j ___ je velk칳."",""answer"":""pes"",""options"":[""pes"",""auto"",""d콢m"",""strom""],""pairs"":[],""categories"":[],""text"":null,""words"":[],""type"":null},{""question"":""Moje ___ je kr치sn치."",""answer"":""zahrada"",""options"":[""zahrada"",""코kola"",""kniha"",""ko캜ka""],""pairs"":[],""categories"":[],""text"":null,""words"":[],""type"":null},{""question"":""___ je m콢j kamar치d."",""answer"":""Petr"",""options"":[""Petr"",""auto"",""pes"",""d콢m""],""pairs"":[],""categories"":[],""text"":null,""words"":[],""type"":null}]","3","20","","696bec2f6b9497f6eff010ed","2026-01-17T20:08:15.421000","2026-01-17T20:08:15.421000","696aa9031255ba6e2495e926","f.masek68@gmail.com","false"
"696be95cc75e09382bc70770","","test","Fin치ln칤 test - Lehk치 칰rove켿","Zvl치dl jsi v코echna lehk치 cvi캜en칤! Te캞 uk치, co um칤코!","[{""question"":""Kter칠 p칤smeno je na za캜치tku slova MAMA?"",""answer"":""M"",""options"":[""M"",""N""],""pairs"":[],""categories"":[],""text"":null,""words"":[],""type"":""decision""},{""question"":""Kter칠 p칤smeno je na za캜치tku slova KOLO?"",""answer"":""K"",""options"":[""K"",""L""],""pairs"":[],""categories"":[],""text"":null,""words"":[],""type"":""decision""},{""question"":""Jak칠 p칤smeno je prvn칤 v abeced캩?"",""answer"":""A"",""options"":[""A"",""B"",""C"",""D""],""pairs"":[],""categories"":[],""text"":null,""words"":[],""type"":""quiz""},{""question"":""Kter칠 p칤smeno p콏ijde po C?"",""answer"":""D"",""options"":[""B"",""C"",""D"",""E""],""pairs"":[],""categories"":[],""text"":null,""words"":[],""type"":""quiz""},{""question"":""Kolik samohl치sek m치 slovo AUTO?"",""answer"":""3"",""options"":[""1"",""2"",""3"",""4""],""pairs"":[],""categories"":[],""text"":null,""words"":[],""type"":""quiz""},{""question"":""_UTO"",""answer"":""A"",""options"":[],""pairs"":[],""categories"":[],""text"":null,""words"":[],""type"":""fill""},{""question"":""M_MA"",""answer"":""A"",""options"":[],""pairs"":[],""categories"":[],""text"":null,""words"":[],""type"":""fill""},{""question"":""_ES"",""answer"":""P"",""options"":[],""pairs"":[],""categories"":[],""text"":null,""words"":[],""type"":""fill""},{""question"":""KO_O"",""answer"":""L"",""options"":[],""pairs"":[],""categories"":[],""text"":null,""words"":[],""type"":""fill""},{""question"":""_콡M"",""answer"":""D"",""options"":[],""pairs"":[],""categories"":[],""text"":null,""words"":[],""type"":""fill""}]","1","50","true","696bea6501ace1c827f04d6e","2026-01-17T20:00:37.229000","2026-01-17T20:00:37.229000","696aa9031255ba6e2495e926","f.masek68@gmail.com","false"
"696be95cc75e09382bc70770","","test","Fin치ln칤 test - St콏edn칤 칰rove켿","Skv캩le! Te캞 uk치, 쬰 zvl치dne코 i st콏edn캩 t캩쬶칠 칰koly!","[{""question"":""Kter칠 p칤smeno je velk칠?"",""answer"":""A"",""options"":[""A"",""a""],""pairs"":[],""categories"":[],""text"":null,""words"":[],""type"":""decision""},{""question"":""Jak nap칤코eme jm칠no Anna?"",""answer"":""Anna"",""options"":[""anna"",""Anna""],""pairs"":[],""categories"":[],""text"":null,""words"":[],""type"":""decision""},{""question"":""Kolik slabik m치 slovo KOLO?"",""answer"":""2"",""options"":[""1"",""2"",""3"",""4""],""pairs"":[],""categories"":[],""text"":null,""words"":[],""type"":""quiz""},{""question"":""Kolik slabik m치 slovo PES?"",""answer"":""1"",""options"":[""1"",""2"",""3"",""4""],""pairs"":[],""categories"":[],""text"":null,""words"":[],""type"":""quiz""},{""question"":""Z jak칳ch slabik se skl치d치 AUTO?"",""answer"":""AU-TO"",""options"":[""AU-TO"",""A-UTO"",""AUT-O"",""A-U-T-O""],""pairs"":[],""categories"":[],""text"":null,""words"":[],""type"":""quiz""},{""question"":""MA___ (MAMA)"",""answer"":""MA"",""options"":[],""pairs"":[],""categories"":[],""text"":null,""words"":[],""type"":""fill""},{""question"":""___TO (AUTO)"",""answer"":""AU"",""options"":[],""pairs"":[],""categories"":[],""text"":null,""words"":[],""type"":""fill""},{""question"":""KO___ (KOLO)"",""answer"":""LO"",""options"":[],""pairs"":[],""categories"":[],""text"":null,""words"":[],""type"":""fill""},{""question"":""___PA (TATA)"",""answer"":""TA"",""options"":[],""pairs"":[],""categories"":[],""text"":null,""words"":[],""type"":""fill""},{""question"":""___LA (KOLA)"",""answer"":""KO"",""options"":[],""pairs"":[],""categories"":[],""text"":null,""words"":[],""type"":""fill""}]","2","75","true","696bea6501ace1c827f04d6f","2026-01-17T20:00:37.229000","2026-01-17T20:00:37.229000","696aa9031255ba6e2495e926","f.masek68@gmail.com","false"
"696be95cc75e09382bc70770","","test","Fin치ln칤 test - T캩쬶치 칰rove켿","Gratuluju! Jsi skoro mistr! Dok치, 쬰 zvl치dne코 i nejobt칤쬹캩j코칤 칰koly!","[{""question"":""Kter칠 slovo je spr치vn캩 napsan칠?"",""answer"":""KO캛KA"",""options"":[""KO캛KA"",""KOCKA""],""pairs"":[],""categories"":[],""text"":null,""words"":[],""type"":""decision""},{""question"":""Kter칠 slovo je spr치vn캩?"",""answer"":""ZAHRADA"",""options"":[""ZAHRADA"",""ZAHARADA""],""pairs"":[],""categories"":[],""text"":null,""words"":[],""type"":""decision""},{""question"":""Kolik je v 캜esk칠 abeced캩 p칤smen?"",""answer"":""42"",""options"":[""26"",""33"",""42"",""50""],""pairs"":[],""categories"":[],""text"":null,""words"":[],""type"":""quiz""},{""question"":""Kter칠 slovo m치 3 slabiky?"",""answer"":""ABAB칈NA"",""options"":[""PES"",""MAMA"",""ABAB칈NA"",""AUTO""],""pairs"":[],""categories"":[],""text"":null,""words"":[],""type"":""quiz""},{""question"":""Kter칠 p칤smeno chyb칤: AB_DEFG?"",""answer"":""C"",""options"":[""A"",""B"",""C"",""D""],""pairs"":[],""categories"":[],""text"":null,""words"":[],""type"":""quiz""},{""question"":""캛___츼 REPUBLIKA"",""answer"":""캛ESK츼"",""options"":[],""pairs"":[],""categories"":[],""text"":null,""words"":[],""type"":""fill""},{""question"":""KNI___ (KNIHA)"",""answer"":""HA"",""options"":[],""pairs"":[],""categories"":[],""text"":null,""words"":[],""type"":""fill""},{""question"":""KO___ (KOLA)"",""answer"":""LA"",""options"":[],""pairs"":[],""categories"":[],""text"":null,""words"":[],""type"":""fill""},{""question"":""ZA___ (ZAHRADA)"",""answer"":""HRADA"",""options"":[],""pairs"":[],""categories"":[],""text"":null,""words"":[],""type"":""fill""},{""question"":""MO___ (MOT칗L)"",""answer"":""T칗L"",""options"":[],""pairs"":[],""categories"":[],""text"":null,""words"":[],""type"":""fill""}]","3","100","true","696bea6501ace1c827f04d70","2026-01-17T20:00:37.229000","2026-01-17T20:00:37.229000","696aa9031255ba6e2495e926","f.masek68@gmail.com","false"
"696be95cc75e09382bc70770","","fill","Dopl켿 cel칠 slovo","Napi코 cel칠 slovo","[{""question"":""Kde 쬴jeme? (캛___츼 REPUBLIKA)"",""answer"":""캛ESK츼"",""options"":[],""pairs"":[],""categories"":[],""text"":null,""words"":[]},{""question"":""Co 캜teme? (KNI___)"",""answer"":""KNIHA"",""options"":[],""pairs"":[],""categories"":[],""text"":null,""words"":[]},{""question"":""Kde se u캜칤me? (KO___)"",""answer"":""KOLA"",""options"":[],""pairs"":[],""categories"":[],""text"":null,""words"":[]}]","3","20","","696be9dd01ace1c827f04cdd","2026-01-17T19:58:21.131000","2026-01-17T19:58:21.131000","696aa9031255ba6e2495e926","f.masek68@gmail.com","false"
"696be95cc75e09382bc70770","","sort","Rozt콏i캞 obt칤쬹치 slova","Za콏a캞 slova do spr치vn칳ch kategori칤","[{""question"":""Rozt콏i캞 slova podle v칳znamu"",""answer"":null,""options"":[],""pairs"":[],""categories"":[{""name"":""Zv칤콏ata"",""items"":[""PES"",""KO캛KA"",""K콡켾""]},{""name"":""V캩ci"",""items"":[""D콡M"",""AUTO"",""KNIHA""]}],""text"":null,""words"":[]}]","3","20","","696be9dd01ace1c827f04cde","2026-01-17T19:58:21.131000","2026-01-17T19:58:21.131000","696aa9031255ba6e2495e926","f.masek68@gmail.com","false"
"696be95cc75e09382bc70770","","analysis","Rozbor v캩ty","Ozna캜 podstatn치 jm칠na mod콏e","[{""question"":""Ozna캜 podstatn치 jm칠na"",""answer"":null,""options"":[],""pairs"":[],""categories"":[],""text"":""PES B캨콯칈 DOM콡"",""words"":[{""word"":""PES"",""color"":""blue""},{""word"":""B캨콯칈"",""color"":""red""},{""word"":""DOM콡"",""color"":""blue""}]}]","3","20","","696be9dd01ace1c827f04cdf","2026-01-17T19:58:21.131000","2026-01-17T19:58:21.131000","696aa9031255ba6e2495e926","f.masek68@gmail.com","false"
"696be95cc75e09382bc70770","","decision","Obt칤쬹치 slova","Vyber spr치vn캩 napsan칠 slovo","[{""question"":""Kter칠 slovo je spr치vn캩?"",""answer"":""MOT칗L"",""options"":[""MOT칗L"",""MOTYL""],""pairs"":[],""categories"":[],""text"":null,""words"":[]},{""question"":""Kter칠 slovo je spr치vn캩?"",""answer"":""ZAHRADA"",""options"":[""ZAHRADA"",""ZAHARADA""],""pairs"":[],""categories"":[],""text"":null,""words"":[]},{""question"":""Kter칠 slovo je spr치vn캩?"",""answer"":""KO캛KA"",""options"":[""KO캛KA"",""KOCKA""],""pairs"":[],""categories"":[],""text"":null,""words"":[]}]","3","20","","696be9dd01ace1c827f04cda","2026-01-17T19:58:21.130000","2026-01-17T19:58:21.130000","696aa9031255ba6e2495e926","f.masek68@gmail.com","false"
"696be95cc75e09382bc70770","","quiz","T캩쬶칳 kv칤z","Vyber spr치vnou odpov캩캞","[{""question"":""Kter칠 p칤smeno chyb칤: AB_DEFG?"",""answer"":""C"",""options"":[""B"",""C"",""D"",""E""],""pairs"":[],""categories"":[],""text"":null,""words"":[]},{""question"":""Kolik je v 캜esk칠 abeced캩 p칤smen?"",""answer"":""42"",""options"":[""26"",""33"",""42"",""50""],""pairs"":[],""categories"":[],""text"":null,""words"":[]},{""question"":""Kter칠 slovo m치 3 slabiky?"",""answer"":""ABAB칈NA"",""options"":[""PES"",""MAMA"",""ABAB칈NA"",""AUTO""],""pairs"":[],""categories"":[],""text"":null,""words"":[]}]","3","20","","696be9dd01ace1c827f04cdb","2026-01-17T19:58:21.130000","2026-01-17T19:58:21.130000","696aa9031255ba6e2495e926","f.masek68@gmail.com","false"
"696be95cc75e09382bc70770","","memory","Pexeso - slova","Najdi stejn치 slova","[{""question"":null,""answer"":null,""options"":[],""pairs"":[{""left"":""KO캛KA"",""right"":""KO캛KA""},{""left"":""ZAHRADA"",""right"":""ZAHRADA""},{""left"":""KOLA"",""right"":""KOLA""},{""left"":""T츼TA"",""right"":""T츼TA""}],""categories"":[],""text"":null,""words"":[]}]","3","20","","696be9dd01ace1c827f04cdc","2026-01-17T19:58:21.130000","2026-01-17T19:58:21.130000","696aa9031255ba6e2495e926","f.masek68@gmail.com","false"
"696be95cc75e09382bc70770","","decision","Velk치 a mal치 p칤smena","Vyber spr치vnou variantu","[{""question"":""Kter칠 p칤smeno je velk칠 A?"",""answer"":""A"",""options"":[""A"",""a""],""pairs"":[],""categories"":[],""text"":null,""words"":[]},{""question"":""Kter칠 p칤smeno je mal칠 b?"",""answer"":""b"",""options"":[""B"",""b""],""pairs"":[],""categories"":[],""text"":null,""words"":[]},{""question"":""Jak nap칤코eme jm칠no Petr?"",""answer"":""Petr"",""options"":[""petr"",""Petr""],""pairs"":[],""categories"":[],""text"":null,""words"":[]}]","2","15","","696be9dd01ace1c827f04cd4","2026-01-17T19:58:21.090000","2026-01-17T19:58:21.090000","696aa9031255ba6e2495e926","f.masek68@gmail.com","false"
"696be95cc75e09382bc70770","","quiz","Slabiky - kv칤z","Vyber spr치vnou odpov캩캞","[{""question"":""Kolik slabik m치 slovo MAMA?"",""answer"":""2"",""options"":[""1"",""2"",""3"",""4""],""pairs"":[],""categories"":[],""text"":null,""words"":[]},{""question"":""Kolik slabik m치 slovo AUTO?"",""answer"":""2"",""options"":[""1"",""2"",""3"",""4""],""pairs"":[],""categories"":[],""text"":null,""words"":[]},{""question"":""Z jak칳ch slabik se skl치d치 slovo KOLO?"",""answer"":""KO-LO"",""options"":[""KO-LO"",""K-OLO"",""KOL-O"",""K-O-L-O""],""pairs"":[],""categories"":[],""text"":null,""words"":[]}]","2","15","","696be9dd01ace1c827f04cd5","2026-01-17T19:58:21.090000","2026-01-17T19:58:21.090000","696aa9031255ba6e2495e926","f.masek68@gmail.com","false"
"696be95cc75e09382bc70770","","memory","Pexeso - slabiky","Najdi stejn칠 slabiky","[{""question"":null,""answer"":null,""options"":[],""pairs"":[{""left"":""MA"",""right"":""MA""},{""left"":""PA"",""right"":""PA""},{""left"":""KO"",""right"":""KO""},{""left"":""LO"",""right"":""LO""}],""categories"":[],""text"":null,""words"":[]}]","2","15","","696be9dd01ace1c827f04cd6","2026-01-17T19:58:21.090000","2026-01-17T19:58:21.090000","696aa9031255ba6e2495e926","f.masek68@gmail.com","false"
"696be95cc75e09382bc70770","","fill","Dopl켿 slabiku","Napi코 chyb캩j칤c칤 slabiku","[{""question"":""MA___ (MAMA)"",""answer"":""MA"",""options"":[],""pairs"":[],""categories"":[],""text"":null,""words"":[]},{""question"":""___TO (AUTO)"",""answer"":""AU"",""options"":[],""pairs"":[],""categories"":[],""text"":null,""words"":[]},{""question"":""___LO (KOLO)"",""answer"":""KO"",""options"":[],""pairs"":[],""categories"":[],""text"":null,""words"":[]}]","2","15","","696be9dd01ace1c827f04cd7","2026-01-17T19:58:21.090000","2026-01-17T19:58:21.090000","696aa9031255ba6e2495e926","f.masek68@gmail.com","false"
"696be95cc75e09382bc70770","","sort","Rozt콏i캞 slova","Za콏a캞 slova podle po캜tu slabik","[{""question"":""Rozt콏i캞 slova podle po캜tu slabik"",""answer"":null,""options"":[],""pairs"":[],""categories"":[{""name"":""1 slabika"",""items"":[""PES"",""D콡M""]},{""name"":""2 slabiky"",""items"":[""MAMA"",""AUTO"",""KOLO""]}],""text"":null,""words"":[]}]","2","15","","696be9dd01ace1c827f04cd8","2026-01-17T19:58:21.090000","2026-01-17T19:58:21.090000","696aa9031255ba6e2495e926","f.masek68@gmail.com","false"
"696be95cc75e09382bc70770","","analysis","Ozna캜 slabiky","Ozna캜 prvn칤 slabiku mod콏e, druhou zelen캩","[{""question"":""Ozna캜 slabiky ve slov캩"",""answer"":null,""options"":[],""pairs"":[],""categories"":[],""text"":""MA MA"",""words"":[{""word"":""MA"",""color"":""blue""},{""word"":""MA"",""color"":""green""}]}]","2","15","","696be9dd01ace1c827f04cd9","2026-01-17T19:58:21.090000","2026-01-17T19:58:21.090000","696aa9031255ba6e2495e926","f.masek68@gmail.com","false"
"696be95cc75e09382bc70770","","decision","Poznej p칤smenko","Vyber spr치vn칠 p칤smeno","[{""question"":""Kter칠 p칤smeno je na za캜치tku slova AUTO?"",""answer"":""A"",""options"":[""A"",""O""],""pairs"":[],""categories"":[],""text"":null,""words"":[]},{""question"":""Kter칠 p칤smeno je na za캜치tku slova BAL?"",""answer"":""B"",""options"":[""B"",""P""],""pairs"":[],""categories"":[],""text"":null,""words"":[]},{""question"":""Kter칠 p칤smeno je na za캜치tku slova D콡M?"",""answer"":""D"",""options"":[""D"",""T""],""pairs"":[],""categories"":[],""text"":null,""words"":[]}]","1","10","","696be9dd01ace1c827f04cce","2026-01-17T19:58:21.049000","2026-01-17T19:58:21.049000","696aa9031255ba6e2495e926","f.masek68@gmail.com","false"
"696be95cc75e09382bc70770","","quiz","Abeceda - kv칤z","Vyber spr치vnou odpov캩캞","[{""question"":""Jak칠 p칤smeno je prvn칤 v abeced캩?"",""answer"":""A"",""options"":[""A"",""B"",""C"",""D""],""pairs"":[],""categories"":[],""text"":null,""words"":[]},{""question"":""Kter칠 p칤smeno p콏ijde po B?"",""answer"":""C"",""options"":[""A"",""C"",""D"",""E""],""pairs"":[],""categories"":[],""text"":null,""words"":[]},{""question"":""Jak칠 p칤smeno je posledn칤?"",""answer"":""콯"",""options"":[""Z"",""Y"",""콯"",""X""],""pairs"":[],""categories"":[],""text"":null,""words"":[]}]","1","10","","696be9dd01ace1c827f04ccf","2026-01-17T19:58:21.049000","2026-01-17T19:58:21.049000","696aa9031255ba6e2495e926","f.masek68@gmail.com","false"
"696be95cc75e09382bc70770","","memory","Pexeso - p칤smena","Najdi stejn치 p칤smena","[{""question"":null,""answer"":null,""options"":[],""pairs"":[{""left"":""A"",""right"":""A""},{""left"":""B"",""right"":""B""},{""left"":""C"",""right"":""C""},{""left"":""D"",""right"":""D""}],""categories"":[],""text"":null,""words"":[]}]","1","10","","696be9dd01ace1c827f04cd0","2026-01-17T19:58:21.049000","2026-01-17T19:58:21.049000","696aa9031255ba6e2495e926","f.masek68@gmail.com","false"
"696be95cc75e09382bc70770","","fill","Dopl켿 p칤smeno","Napi코 chyb캩j칤c칤 p칤smeno","[{""question"":""_UTO (Auto)"",""answer"":""A"",""options"":[],""pairs"":[],""categories"":[],""text"":null,""words"":[]},{""question"":""_ES (Pes)"",""answer"":""P"",""options"":[],""pairs"":[],""categories"":[],""text"":null,""words"":[]},{""question"":""_콡M (D콢m)"",""answer"":""D"",""options"":[],""pairs"":[],""categories"":[],""text"":null,""words"":[]}]","1","10","","696be9dd01ace1c827f04cd1","2026-01-17T19:58:21.049000","2026-01-17T19:58:21.049000","696aa9031255ba6e2495e926","f.masek68@gmail.com","false"
"696be95cc75e09382bc70770","","sort","Rozt콏i캞 p칤smena","Za콏a캞 p칤smena do spr치vn칳ch skupin","[{""question"":""Rozt콏i캞 p칤smena na samohl치sky a souhl치sky"",""answer"":null,""options"":[],""pairs"":[],""categories"":[{""name"":""Samohl치sky"",""items"":[""A"",""E"",""I""]},{""name"":""Souhl치sky"",""items"":[""B"",""C"",""D""]}],""text"":null,""words"":[]}]","1","10","","696be9dd01ace1c827f04cd2","2026-01-17T19:58:21.049000","2026-01-17T19:58:21.049000","696aa9031255ba6e2495e926","f.masek68@gmail.com","false"
"696be95cc75e09382bc70770","","analysis","Ozna캜 samohl치sky","Klikni na samohl치sky a obarvi je 캜erven캩","[{""question"":""Ozna캜 samohl치sky ve slov캩"",""answer"":null,""options"":[],""pairs"":[],""categories"":[],""text"":""A U T O"",""words"":[{""word"":""A"",""color"":""red""},{""word"":""U"",""color"":""red""},{""word"":""T"",""color"":""blue""},{""word"":""O"",""color"":""red""}]}]","1","10","","696be9dd01ace1c827f04cd3","2026-01-17T19:58:21.049000","2026-01-17T19:58:21.049000","696aa9031255ba6e2495e926","f.masek68@gmail.com","false"
"696aae7cf0d91f48e8e1e91b","","fill","캛칤sla do 20","Napi코 spr치vn칠 캜칤slo","[{""question"":""11 = ?"",""answer"":""11"",""options"":[],""pairs"":[]},{""question"":""15 = ?"",""answer"":""15"",""options"":[],""pairs"":[]},{""question"":""20 = ?"",""answer"":""20"",""options"":[],""pairs"":[]}]","1","10","","696ab24c40812c0229532f39","2026-01-16T21:49:00.431000","2026-01-16T21:49:00.431000","696aa9031255ba6e2495e926","f.masek68@gmail.com","false"
"696aae7cf0d91f48e8e1e91b","","quiz","Poznej 캜칤slo do 20","Kolik je?","[{""question"":""Kolik je 10 + 5?"",""answer"":""15"",""options"":[""13"",""14"",""15"",""16""],""pairs"":[]},{""question"":""Kolik je 10 + 8?"",""answer"":""18"",""options"":[""16"",""17"",""18"",""19""],""pairs"":[]}]","1","10","","696ab24c40812c0229532f3a","2026-01-16T21:49:00.431000","2026-01-16T21:49:00.431000","696aa9031255ba6e2495e926","f.masek68@gmail.com","false"
"696aae7cf0d91f48e8e1e91b","","match","Spoj 캜칤sla","Spoj 캜칤sla s jejich n치zvy","[{""question"":null,""answer"":null,""options"":[],""pairs"":[{""left"":""11"",""right"":""jeden치ct""},{""left"":""12"",""right"":""dvan치ct""},{""left"":""13"",""right"":""t콏in치ct""},{""left"":""14"",""right"":""캜trn치ct""}]}]","1","10","","696ab24c40812c0229532f3b","2026-01-16T21:49:00.431000","2026-01-16T21:49:00.431000","696aa9031255ba6e2495e926","f.masek68@gmail.com","false"
"696aae7cf0d91f48e8e1e91c","","fill","S캜칤t치n칤 do 20","Spo캜칤tej","[{""question"":""12 + 3 = ?"",""answer"":""15"",""options"":[],""pairs"":[]},{""question"":""14 + 5 = ?"",""answer"":""19"",""options"":[],""pairs"":[]},{""question"":""11 + 7 = ?"",""answer"":""18"",""options"":[],""pairs"":[]}]","1","10","","696ab24c40812c0229532f3c","2026-01-16T21:49:00.431000","2026-01-16T21:49:00.431000","696aa9031255ba6e2495e926","f.masek68@gmail.com","false"
"696aae7cf0d91f48e8e1e91c","","quiz","Od캜칤t치n칤 do 20","Vyber spr치vn칳 v칳sledek","[{""question"":""18 - 5 = ?"",""answer"":""13"",""options"":[""12"",""13"",""14"",""15""],""pairs"":[]},{""question"":""20 - 7 = ?"",""answer"":""13"",""options"":[""11"",""12"",""13"",""14""],""pairs"":[]}]","1","10","","696ab24c40812c0229532f3d","2026-01-16T21:49:00.431000","2026-01-16T21:49:00.431000","696aa9031255ba6e2495e926","f.masek68@gmail.com","false"
"696aae7cf0d91f48e8e1e91c","","match","Spoj p콏칤klady a v칳sledky","Najdi spr치vn칳 v칳sledek","[{""question"":null,""answer"":null,""options"":[],""pairs"":[{""left"":""10 + 10"",""right"":""20""},{""left"":""15 + 3"",""right"":""18""},{""left"":""12 + 4"",""right"":""16""},{""left"":""11 + 6"",""right"":""17""}]}]","1","10","","696ab24c40812c0229532f3e","2026-01-16T21:49:00.431000","2026-01-16T21:49:00.431000","696aa9031255ba6e2495e926","f.masek68@gmail.com","false"
"696aae7cf0d91f48e8e1e91d","","quiz","N치soben칤 2","Kolik je?","[{""question"":""2 칑 2 = ?"",""answer"":""4"",""options"":[""2"",""4"",""6"",""8""],""pairs"":[]},{""question"":""2 칑 3 = ?"",""answer"":""6"",""options"":[""4"",""6"",""8"",""10""],""pairs"":[]},{""question"":""2 칑 4 = ?"",""answer"":""8"",""options"":[""6"",""8"",""10"",""12""],""pairs"":[]}]","1","10","","696ab24c40812c0229532f3f","2026-01-16T21:49:00.431000","2026-01-16T21:49:00.431000","696aa9031255ba6e2495e926","f.masek68@gmail.com","false"
"696aae7cf0d91f48e8e1e91d","","fill","N치sobka 2","Dopl켿 v칳sledek","[{""question"":""2 칑 5 = ?"",""answer"":""10"",""options"":[],""pairs"":[]},{""question"":""2 칑 6 = ?"",""answer"":""12"",""options"":[],""pairs"":[]},{""question"":""2 칑 7 = ?"",""answer"":""14"",""options"":[],""pairs"":[]}]","1","10","","696ab24c40812c0229532f40","2026-01-16T21:49:00.431000","2026-01-16T21:49:00.431000","696aa9031255ba6e2495e926","f.masek68@gmail.com","false"
"696aae7cf0d91f48e8e1e91d","","match","N치soben칤 - spoj","Spoj p콏칤klad s v칳sledkem","[{""question"":null,""answer"":null,""options"":[],""pairs"":[{""left"":""2 칑 8"",""right"":""16""},{""left"":""2 칑 9"",""right"":""18""},{""left"":""2 칑 10"",""right"":""20""},{""left"":""3 칑 3"",""right"":""9""}]}]","1","10","","696ab24c40812c0229532f41","2026-01-16T21:49:00.431000","2026-01-16T21:49:00.431000","696aa9031255ba6e2495e926","f.masek68@gmail.com","false"
"696aae7cf0d91f48e8e1e91e","","quiz","Poznej tvar","Jak칳 je to tvar?","[{""question"":""Tvar s t콏emi rohy?"",""answer"":""Troj칰heln칤k"",""options"":[""Troj칰heln칤k"",""캛tverec"",""Kruh"",""Obd칠ln칤k""],""pairs"":[]},{""question"":""Tvar se 캜ty콏mi stejn캩 dlouh칳mi stranami?"",""answer"":""캛tverec"",""options"":[""Troj칰heln칤k"",""캛tverec"",""Kruh"",""Obd칠ln칤k""],""pairs"":[]}]","1","10","","696ab24c40812c0229532f42","2026-01-16T21:49:00.431000","2026-01-16T21:49:00.431000","696aa9031255ba6e2495e926","f.masek68@gmail.com","false"
"696aaa54817ae3f616d697cb","","fill","Dopl켿 캜칤slo anglicky","Napi코 anglicky","[{""question"":""6 = ?"",""answer"":""Six"",""options"":[],""pairs"":[]},{""question"":""7 = ?"",""answer"":""Seven"",""options"":[],""pairs"":[]},{""question"":""8 = ?"",""answer"":""Eight"",""options"":[],""pairs"":[]},{""question"":""9 = ?"",""answer"":""Nine"",""options"":[],""pairs"":[]},{""question"":""10 = ?"",""answer"":""Ten"",""options"":[],""pairs"":[]}]","1","10","","696aae43f0d91f48e8e1e90c","2026-01-16T21:31:47.511000","2026-01-16T21:31:47.511000","696aa9031255ba6e2495e926","f.masek68@gmail.com","false"
"696aaa54817ae3f616d697cb","","quiz","Numbers Quiz","Vyber spr치vnou odpov캩캞","[{""question"":""How many? 游꼝游꼝游꼝"",""answer"":""Three"",""options"":[""Two"",""Three"",""Four"",""Five""],""pairs"":[]},{""question"":""How many? 救넉셿救넉셿救넉셿"",""answer"":""Six"",""options"":[""Four"",""Five"",""Six"",""Seven""],""pairs"":[]}]","1","10","","696aae43f0d91f48e8e1e90d","2026-01-16T21:31:47.511000","2026-01-16T21:31:47.511000","696aa9031255ba6e2495e926","f.masek68@gmail.com","false"
"696aaa54817ae3f616d697cb","","memory","Numbers Memory","Najdi p치ry 캜칤sel","[{""question"":null,""answer"":null,""options"":[],""pairs"":[{""left"":""6"",""right"":""Six""},{""left"":""7"",""right"":""Seven""},{""left"":""8"",""right"":""Eight""},{""left"":""9"",""right"":""Nine""}]}]","1","15","","696aae43f0d91f48e8e1e90e","2026-01-16T21:31:47.511000","2026-01-16T21:31:47.511000","696aa9031255ba6e2495e926","f.masek68@gmail.com","false"
"696aaa54817ae3f616d697cc","","fill","Napi코 zv칤콏e anglicky","Jak se 콏ekne anglicky?","[{""question"":""游냢 K콢켿 = ?"",""answer"":""Horse"",""options"":[],""pairs"":[]},{""question"":""游냥 Prase = ?"",""answer"":""Pig"",""options"":[],""pairs"":[]},{""question"":""游냝 Kr치va = ?"",""answer"":""Cow"",""options"":[],""pairs"":[]}]","1","10","","696aae43f0d91f48e8e1e90f","2026-01-16T21:31:47.511000","2026-01-16T21:31:47.511000","696aa9031255ba6e2495e926","f.masek68@gmail.com","false"
"696aaa54817ae3f616d697cc","","quiz","Animals Quiz","Vyber spr치vn칠 zv칤콏e","[{""question"":""What animal says 'Woof'?"",""answer"":""Dog"",""options"":[""Cat"",""Dog"",""Bird"",""Fish""],""pairs"":[]},{""question"":""What animal says 'Meow'?"",""answer"":""Cat"",""options"":[""Cat"",""Dog"",""Bird"",""Fish""],""pairs"":[]}]","1","10","","696aae43f0d91f48e8e1e910","2026-01-16T21:31:47.511000","2026-01-16T21:31:47.511000","696aa9031255ba6e2495e926","f.masek68@gmail.com","false"
"696aaa54817ae3f616d697cc","","match","Farm Animals","Spoj zv칤콏e s anglick칳m n치zvem","[{""question"":null,""answer"":null,""options"":[],""pairs"":[{""left"":""游냢"",""right"":""Horse""},{""left"":""游냥"",""right"":""Pig""},{""left"":""游냝"",""right"":""Cow""},{""left"":""游냄"",""right"":""Sheep""}]}]","1","10","","696aae43f0d91f48e8e1e911","2026-01-16T21:31:47.511000","2026-01-16T21:31:47.511000","696aa9031255ba6e2495e926","f.masek68@gmail.com","false"
"696aaa54817ae3f616d697cd","","quiz","Greetings Quiz","Vyber spr치vn칳 pozdrav","[{""question"":""Co 콏ekne코 ve캜er?"",""answer"":""Good evening"",""options"":[""Good morning"",""Good afternoon"",""Good evening"",""Good night""],""pairs"":[]},{""question"":""Jak se zept치코 'Jak se m치코?'"",""answer"":""How are you?"",""options"":[""Hello"",""How are you?"",""Thank you"",""Goodbye""],""pairs"":[]}]","1","10","","696aae43f0d91f48e8e1e912","2026-01-16T21:31:47.511000","2026-01-16T21:31:47.511000","696aa9031255ba6e2495e926","f.masek68@gmail.com","false"
"696aaa54817ae3f616d697cd","","match","Pozdravy a odpov캩di","Spoj pozdrav s odpov캩d칤","[{""question"":null,""answer"":null,""options"":[],""pairs"":[{""left"":""Hello!"",""right"":""Hi!""},{""left"":""How are you?"",""right"":""I'm fine""},{""left"":""Thank you"",""right"":""You're welcome""},{""left"":""Goodbye"",""right"":""Bye""}]}]","1","10","","696aae43f0d91f48e8e1e913","2026-01-16T21:31:47.511000","2026-01-16T21:31:47.511000","696aa9031255ba6e2495e926","f.masek68@gmail.com","false"
"696aaa54817ae3f616d697cd","","memory","Greetings Memory","Najdi p치ry pozdrav콢","[{""question"":null,""answer"":null,""options"":[],""pairs"":[{""left"":""Dobr칠 odpoledne"",""right"":""Good afternoon""},{""left"":""Dobr칳 ve캜er"",""right"":""Good evening""},{""left"":""Dobrou noc"",""right"":""Good night""},{""left"":""Pros칤m"",""right"":""Please""}]}]","1","15","","696aae43f0d91f48e8e1e914","2026-01-16T21:31:47.511000","2026-01-16T21:31:47.511000","696aa9031255ba6e2495e926","f.masek68@gmail.com","false"
"696aaa54817ae3f616d697c8","","quiz","Vyber spr치vnou slabiku","Jak치 slabika pat콏칤 do slova?","[{""question"":""MA _ _ (M츼MA)"",""answer"":""MA"",""options"":[""MA"",""TA"",""PA"",""LA""],""pairs"":[]},{""question"":""BA _ _ (B츼BA)"",""answer"":""BA"",""options"":[""BA"",""DA"",""PA"",""TA""],""pairs"":[]}]","1","10","","696aae43f0d91f48e8e1e903","2026-01-16T21:31:47.478000","2026-01-16T21:31:47.478000","696aa9031255ba6e2495e926","f.masek68@gmail.com","false"
"696aaa54817ae3f616d697c8","","match","Spoj slabiky","Vytvo콏 slova ze slabik","[{""question"":null,""answer"":null,""options"":[],""pairs"":[{""left"":""VO + DA"",""right"":""VODA""},{""left"":""NO + HA"",""right"":""NOHA""},{""left"":""KO + LA"",""right"":""KOLA""},{""left"":""SO + VA"",""right"":""SOVA""}]}]","1","10","","696aae43f0d91f48e8e1e904","2026-01-16T21:31:47.478000","2026-01-16T21:31:47.478000","696aa9031255ba6e2495e926","f.masek68@gmail.com","false"
"696aaa54817ae3f616d697c8","","memory","Slabikov칠 pexeso","Najdi p치ry slabik kter칠 d치vaj칤 slovo","[{""question"":null,""answer"":null,""options"":[],""pairs"":[{""left"":""RA + NA"",""right"":""R츼NA""},{""left"":""VA + TA"",""right"":""VATA""},{""left"":""KA + PA"",""right"":""KAPKA""},{""left"":""LO + PA"",""right"":""LOPATA""}]}]","1","15","","696aae43f0d91f48e8e1e905","2026-01-16T21:31:47.478000","2026-01-16T21:31:47.478000","696aa9031255ba6e2495e926","f.masek68@gmail.com","false"
"696aaa54817ae3f616d697c9","","quiz","P콏e캜ti slovo","Co je na obr치zku?","[{""question"":""游 = ?"",""answer"":""D콡M"",""options"":[""D콡M"",""PES"",""K콡켾"",""V콡Z""],""pairs"":[]},{""question"":""游꺕 = ?"",""answer"":""STROM"",""options"":[""STROM"",""TR츼VA"",""LIST칈"",""V캨TEV""],""pairs"":[]}]","1","10","","696aae43f0d91f48e8e1e906","2026-01-16T21:31:47.478000","2026-01-16T21:31:47.478000","696aa9031255ba6e2495e926","f.masek68@gmail.com","false"
"696aaa54817ae3f616d697c9","","fill","Dopl켿 slovo","Napi코 spr치vn칠 slovo","[{""question"":""Zv칤콏e, kter칠 코t캩k치: _ _ _"",""answer"":""PES"",""options"":[],""pairs"":[]},{""question"":""Pijeme z n칤: _ _ _ _"",""answer"":""VODA"",""options"":[],""pairs"":[]},{""question"":""Rost캩 na louce: _ _ _ _ _"",""answer"":""TR츼VA"",""options"":[],""pairs"":[]}]","1","10","","696aae43f0d91f48e8e1e907","2026-01-16T21:31:47.478000","2026-01-16T21:31:47.478000","696aa9031255ba6e2495e926","f.masek68@gmail.com","false"
"696aaa54817ae3f616d697c9","","match","Slova a obr치zky","Spoj slovo s obr치zkem","[{""question"":null,""answer"":null,""options"":[],""pairs"":[{""left"":""AUTO"",""right"":""游뚱""},{""left"":""LO캝KA"",""right"":""久""},{""left"":""LETADLO"",""right"":""九걾잺""},{""left"":""KOLO"",""right"":""游""}]}]","1","10","","696aae43f0d91f48e8e1e908","2026-01-16T21:31:47.478000","2026-01-16T21:31:47.478000","696aa9031255ba6e2495e926","f.masek68@gmail.com","false"
"696aaa54817ae3f616d697ca","","fill","Napi코 barvu anglicky","Jak se to 콏ekne anglicky?","[{""question"":""游 Oran쬺v치 = ?"",""answer"":""Orange"",""options"":[],""pairs"":[]},{""question"":""游릮 Fialov치 = ?"",""answer"":""Purple"",""options"":[],""pairs"":[]},{""question"":""丘 캛ern치 = ?"",""answer"":""Black"",""options"":[],""pairs"":[]}]","1","10","","696aae43f0d91f48e8e1e909","2026-01-16T21:31:47.478000","2026-01-16T21:31:47.478000","696aa9031255ba6e2495e926","f.masek68@gmail.com","false"
"696aaa54817ae3f616d697ca","","memory","Barevn칠 pexeso","Najdi p치ry barev","[{""question"":null,""answer"":null,""options"":[],""pairs"":[{""left"":""游"",""right"":""Orange""},{""left"":""游릮"",""right"":""Purple""},{""left"":""游릯"",""right"":""Brown""},{""left"":""丘"",""right"":""Black""}]}]","1","15","","696aae43f0d91f48e8e1e90a","2026-01-16T21:31:47.478000","2026-01-16T21:31:47.478000","696aa9031255ba6e2495e926","f.masek68@gmail.com","false"
"696aaa54817ae3f616d697ca","","quiz","Barvy kv칤z","Jak치 je spr치vn치 barva?","[{""question"":""What color is the sun? 驕勇"",""answer"":""Yellow"",""options"":[""Red"",""Yellow"",""Blue"",""Green""],""pairs"":[]},{""question"":""What color is the sky? 驕勇"",""answer"":""Blue"",""options"":[""Red"",""Yellow"",""Blue"",""Green""],""pairs"":[]}]","1","10","","696aae43f0d91f48e8e1e90b","2026-01-16T21:31:47.478000","2026-01-16T21:31:47.478000","696aa9031255ba6e2495e926","f.masek68@gmail.com","false"
"696aaa54817ae3f616d697c6","","memory","Pexeso s p칤smeny","Najdi p치ry velk칳ch a mal칳ch p칤smen","[{""question"":null,""answer"":null,""options"":[],""pairs"":[{""left"":""F"",""right"":""f""},{""left"":""G"",""right"":""g""},{""left"":""H"",""right"":""h""},{""left"":""I"",""right"":""i""}]}]","1","15","","696aae43f0d91f48e8e1e900","2026-01-16T21:31:47.447000","2026-01-16T21:31:47.447000","696aa9031255ba6e2495e926","f.masek68@gmail.com","false"
"696aaa54817ae3f616d697c7","","quiz","Poznej p칤smeno N-콯","Vyber spr치vn칠 p칤smeno","[{""question"":""Jak칠 p칤smeno je ve slov캩 NEBE prvn칤?"",""answer"":""N"",""options"":[""M"",""N"",""O"",""P""],""pairs"":[]},{""question"":""Jak칠 p칤smeno je ve slov캩 콯츼BA prvn칤?"",""answer"":""콯"",""options"":[""Z"",""콯"",""Y"",""X""],""pairs"":[]}]","1","10","","696aae43f0d91f48e8e1e901","2026-01-16T21:31:47.447000","2026-01-16T21:31:47.447000","696aa9031255ba6e2495e926","f.masek68@gmail.com","false"
"696aaa54817ae3f616d697c7","","match","Velk치 a mal치 N-콯","Spoj velk칠 p칤smeno s mal칳m","[{""question"":null,""answer"":null,""options"":[],""pairs"":[{""left"":""N"",""right"":""n""},{""left"":""O"",""right"":""o""},{""left"":""P"",""right"":""p""},{""left"":""R"",""right"":""r""},{""left"":""S"",""right"":""s""}]}]","1","10","","696aae43f0d91f48e8e1e902","2026-01-16T21:31:47.447000","2026-01-16T21:31:47.447000","696aa9031255ba6e2495e926","f.masek68@gmail.com","false"
"696aaa54817ae3f616d697c2","","fill","Dopl켿 캜칤slo","Napi코 spr치vn칠 캜칤slo","[{""question"":""游꼝 游꼝 游꼝 游꼝 = ?"",""answer"":""4"",""options"":[],""pairs"":[]},{""question"":""救 救 救 救 救 救 = ?"",""answer"":""6"",""options"":[],""pairs"":[]},{""question"":""游댯 游댯 游댯 游댯 游댯 游댯 游댯 游댯 = ?"",""answer"":""8"",""options"":[],""pairs"":[]}]","1","10","","696aae43f0d91f48e8e1e8f9","2026-01-16T21:31:47.446000","2026-01-16T21:31:47.446000","696aa9031255ba6e2495e926","f.masek68@gmail.com","false"
"696aaa54817ae3f616d697c3","","match","Spoj p콏칤klady","Spoj p콏칤klad s v칳sledkem","[{""question"":null,""answer"":null,""options"":[],""pairs"":[{""left"":""1 + 2"",""right"":""3""},{""left"":""2 + 2"",""right"":""4""},{""left"":""3 + 3"",""right"":""6""},{""left"":""4 + 4"",""right"":""8""}]}]","1","10","","696aae43f0d91f48e8e1e8fa","2026-01-16T21:31:47.446000","2026-01-16T21:31:47.446000","696aa9031255ba6e2495e926","f.masek68@gmail.com","false"
"696aaa54817ae3f616d697c3","","memory","Pexeso se s캜칤t치n칤m","Najdi p치ry p콏칤klad콢 a v칳sledk콢","[{""question"":null,""answer"":null,""options"":[],""pairs"":[{""left"":""1 + 1"",""right"":""2""},{""left"":""2 + 3"",""right"":""5""},{""left"":""3 + 4"",""right"":""7""},{""left"":""5 + 5"",""right"":""10""}]}]","1","15","","696aae43f0d91f48e8e1e8fb","2026-01-16T21:31:47.446000","2026-01-16T21:31:47.446000","696aa9031255ba6e2495e926","f.masek68@gmail.com","false"
"696aaa54817ae3f616d697c4","","quiz","Vyber spr치vn칳 v칳sledek","Kolik je...","[{""question"":""6 - 2 = ?"",""answer"":""4"",""options"":[""3"",""4"",""5"",""6""],""pairs"":[]},{""question"":""8 - 3 = ?"",""answer"":""5"",""options"":[""4"",""5"",""6"",""7""],""pairs"":[]},{""question"":""10 - 6 = ?"",""answer"":""4"",""options"":[""3"",""4"",""5"",""6""],""pairs"":[]}]","1","10","","696aae43f0d91f48e8e1e8fc","2026-01-16T21:31:47.446000","2026-01-16T21:31:47.446000","696aa9031255ba6e2495e926","f.masek68@gmail.com","false"
"696aaa54817ae3f616d697c4","","match","Spoj od캜칤t치n칤","Spoj p콏칤klad s v칳sledkem","[{""question"":null,""answer"":null,""options"":[],""pairs"":[{""left"":""5 - 1"",""right"":""4""},{""left"":""6 - 2"",""right"":""4""},{""left"":""7 - 3"",""right"":""4""},{""left"":""8 - 4"",""right"":""4""}]}]","1","10","","696aae43f0d91f48e8e1e8fd","2026-01-16T21:31:47.446000","2026-01-16T21:31:47.446000","696aa9031255ba6e2495e926","f.masek68@gmail.com","false"
"696aaa54817ae3f616d697c5","","fill","Napi코 v캩t코칤 캜칤slo","Kter칠 캜칤slo je v캩t코칤?","[{""question"":""V캩t코칤: 3 nebo 7? Napi코 v캩t코칤:"",""answer"":""7"",""options"":[],""pairs"":[]},{""question"":""V캩t코칤: 5 nebo 2? Napi코 v캩t코칤:"",""answer"":""5"",""options"":[],""pairs"":[]},{""question"":""V캩t코칤: 9 nebo 4? Napi코 v캩t코칤:"",""answer"":""9"",""options"":[],""pairs"":[]}]","1","10","","696aae43f0d91f48e8e1e8fe","2026-01-16T21:31:47.446000","2026-01-16T21:31:47.446000","696aa9031255ba6e2495e926","f.masek68@gmail.com","false"
"696aaa54817ae3f616d697c6","","fill","Dopl켿 p칤smeno","Jak칠 p칤smeno chyb칤?","[{""question"":""A, B, ?, D"",""answer"":""C"",""options"":[],""pairs"":[]},{""question"":""E, F, ?, H"",""answer"":""G"",""options"":[],""pairs"":[]},{""question"":""J, K, ?, M"",""answer"":""L"",""options"":[],""pairs"":[]}]","1","10","","696aae43f0d91f48e8e1e8ff","2026-01-16T21:31:47.446000","2026-01-16T21:31:47.446000","696aa9031255ba6e2495e926","f.masek68@gmail.com","false"
"696aaa54817ae3f616d697ca","","match","Barvy anglicky","Spoj barvu s anglick칳m n치zvem","[{""question"":null,""answer"":null,""options"":[],""pairs"":[{""left"":""游댮 캛erven치"",""right"":""Red""},{""left"":""游릭 Zelen치"",""right"":""Green""},{""left"":""游리 콯lut치"",""right"":""Yellow""},{""left"":""游댯 Modr치"",""right"":""Blue""}]}]","1","10","","696aaa80817ae3f616d697da","2026-01-16T21:15:44.650000","2026-01-16T21:15:44.650000","696aa9031255ba6e2495e926","f.masek68@gmail.com","false"
"696aaa54817ae3f616d697ca","","quiz","Jak se 콏ekne...?","Vyber spr치vn칳 p콏eklad","[{""question"":""Jak se anglicky 콏ekne 캛erven치?"",""answer"":""Red"",""options"":[""Red"",""Blue"",""Green"",""Yellow""],""pairs"":[]},{""question"":""Jak se anglicky 콏ekne Modr치?"",""answer"":""Blue"",""options"":[""Red"",""Blue"",""Green"",""Yellow""],""pairs"":[]},{""question"":""Jak se anglicky 콏ekne Zelen치?"",""answer"":""Green"",""options"":[""Red"",""Blue"",""Green"",""Yellow""],""pairs"":[]}]","1","10","","696aaa80817ae3f616d697db","2026-01-16T21:15:44.650000","2026-01-16T21:15:44.650000","696aa9031255ba6e2495e926","f.masek68@gmail.com","false"
"696aaa54817ae3f616d697cb","","match","캛칤sla anglicky","Spoj 캜칤slo s anglick칳m n치zvem","[{""question"":null,""answer"":null,""options"":[],""pairs"":[{""left"":""1"",""right"":""One""},{""left"":""2"",""right"":""Two""},{""left"":""3"",""right"":""Three""},{""left"":""4"",""right"":""Four""},{""left"":""5"",""right"":""Five""}]}]","1","10","","696aaa80817ae3f616d697dc","2026-01-16T21:15:44.650000","2026-01-16T21:15:44.650000","696aa9031255ba6e2495e926","f.masek68@gmail.com","false"
"696aaa54817ae3f616d697cc","","memory","Zv칤콏치tka anglicky","Najdi p치ry zv칤콏치tek a jejich anglick칳ch n치zv콢","[{""question"":null,""answer"":null,""options"":[],""pairs"":[{""left"":""游냤"",""right"":""Dog""},{""left"":""游냠"",""right"":""Cat""},{""left"":""游냕"",""right"":""Bird""},{""left"":""游"",""right"":""Fish""}]}]","1","15","","696aaa80817ae3f616d697dd","2026-01-16T21:15:44.650000","2026-01-16T21:15:44.650000","696aa9031255ba6e2495e926","f.masek68@gmail.com","false"
"696aaa54817ae3f616d697cd","","fill","Dopl켿 pozdrav","Napi코 anglick칳 pozdrav","[{""question"":""Ahoj = ?"",""answer"":""Hello"",""options"":[],""pairs"":[]},{""question"":""Dobr칠 r치no = Good ?"",""answer"":""Morning"",""options"":[],""pairs"":[]},{""question"":""Na shledanou = ?"",""answer"":""Goodbye"",""options"":[],""pairs"":[]}]","1","10","","696aaa80817ae3f616d697de","2026-01-16T21:15:44.650000","2026-01-16T21:15:44.650000","696aa9031255ba6e2495e926","f.masek68@gmail.com","false"
"696aaa54817ae3f616d697c6","","quiz","Poznej p칤smeno","Vyber spr치vn칠 p칤smeno","[{""question"":""Kter칠 p칤smeno je prvn칤 v abeced캩?"",""answer"":""A"",""options"":[""A"",""B"",""C"",""D""],""pairs"":[]},{""question"":""Jak칠 p칤smeno je ve slov캩 MAMA na za캜치tku?"",""answer"":""M"",""options"":[""A"",""M"",""N"",""L""],""pairs"":[]},{""question"":""Kter칠 p칤smeno n치sleduje po B?"",""answer"":""C"",""options"":[""A"",""C"",""D"",""E""],""pairs"":[]}]","1","10","","696aaa80817ae3f616d697d6","2026-01-16T21:15:44.623000","2026-01-16T21:15:44.623000","696aa9031255ba6e2495e926","f.masek68@gmail.com","false"
"696aaa54817ae3f616d697c6","","match","Velk치 a mal치 p칤smena","Spoj velk칠 p칤smeno s mal칳m","[{""question"":null,""answer"":null,""options"":[],""pairs"":[{""left"":""A"",""right"":""a""},{""left"":""B"",""right"":""b""},{""left"":""C"",""right"":""c""},{""left"":""D"",""right"":""d""},{""left"":""E"",""right"":""e""}]}]","1","10","","696aaa80817ae3f616d697d7","2026-01-16T21:15:44.623000","2026-01-16T21:15:44.623000","696aa9031255ba6e2495e926","f.masek68@gmail.com","false"
"696aaa54817ae3f616d697c8","","fill","Dopl켿 slabiku","Dopl켿 chyb캩j칤c칤 slabiku","[{""question"":""MA + MA = ?"",""answer"":""MAMA"",""options"":[],""pairs"":[]},{""question"":""TA + TA = ?"",""answer"":""TATA"",""options"":[],""pairs"":[]},{""question"":""LE + GO = ?"",""answer"":""LEGO"",""options"":[],""pairs"":[]},{""question"":""AU + TO = ?"",""answer"":""AUTO"",""options"":[],""pairs"":[]}]","1","10","","696aaa80817ae3f616d697d8","2026-01-16T21:15:44.623000","2026-01-16T21:15:44.623000","696aa9031255ba6e2495e926","f.masek68@gmail.com","false"
"696aaa54817ae3f616d697c9","","memory","Slovn칤 pexeso","Najdi p치ry slov a obr치zk콢","[{""question"":null,""answer"":null,""options"":[],""pairs"":[{""left"":""PES"",""right"":""游냤""},{""left"":""KO캛KA"",""right"":""游냠""},{""left"":""D콡M"",""right"":""游""},{""left"":""STROM"",""right"":""游꺕""}]}]","1","15","","696aaa80817ae3f616d697d9","2026-01-16T21:15:44.623000","2026-01-16T21:15:44.623000","696aa9031255ba6e2495e926","f.masek68@gmail.com","false"
"696aaa54817ae3f616d697c2","","quiz","Poznej 캜칤slo","Vyber spr치vn칠 캜칤slo podle obr치zku","[{""question"":""Kolik je jable캜ek? 游꼝游꼝游꼝"",""answer"":""3"",""options"":[""2"",""3"",""4"",""5""],""pairs"":[]},{""question"":""Kolik je hv캩zdi캜ek? 救넉셿救넉셿救"",""answer"":""5"",""options"":[""4"",""5"",""6"",""7""],""pairs"":[]},{""question"":""Kolik je srd칤캜ek? 仇벒잺仇벒잺仇벒잺仇벒잺仇벒잺仇벒잺仇벒잺"",""answer"":""7"",""options"":[""6"",""7"",""8"",""9""],""pairs"":[]},{""question"":""Kolik je kuli캜ek? 游댯游댯"",""answer"":""2"",""options"":[""1"",""2"",""3"",""4""],""pairs"":[]}]","1","10","","696aaa80817ae3f616d697cf","2026-01-16T21:15:44.606000","2026-01-16T21:15:44.606000","696aa9031255ba6e2495e926","f.masek68@gmail.com","false"
"696aaa54817ae3f616d697c2","","match","Spoj 캜칤sla a mno쬽tv칤","Spoj 캜칤slo se spr치vn칳m po캜tem","[{""question"":null,""answer"":null,""options"":[],""pairs"":[{""left"":""1"",""right"":""游꼝""},{""left"":""2"",""right"":""游꼝游꼝""},{""left"":""3"",""right"":""游꼝游꼝游꼝""},{""left"":""4"",""right"":""游꼝游꼝游꼝游꼝""}]}]","1","10","","696aaa80817ae3f616d697d0","2026-01-16T21:15:44.606000","2026-01-16T21:15:44.606000","696aa9031255ba6e2495e926","f.masek68@gmail.com","false"
"696aaa54817ae3f616d697c2","","memory","캛칤seln칠 pexeso","Najdi p치ry 캜칤sel a jejich mno쬽tv칤","[{""question"":null,""answer"":null,""options"":[],""pairs"":[{""left"":""2"",""right"":""救넉셿""},{""left"":""3"",""right"":""救넉셿救""},{""left"":""4"",""right"":""救넉셿救넉셿""},{""left"":""5"",""right"":""救넉셿救넉셿救""}]}]","1","15","","696aaa80817ae3f616d697d1","2026-01-16T21:15:44.606000","2026-01-16T21:15:44.606000","696aa9031255ba6e2495e926","f.masek68@gmail.com","false"
"696aaa54817ae3f616d697c3","","fill","S캜칤t치n칤 p콏칤klad콢","Napi코 v칳sledek p콏칤kladu","[{""question"":""1 + 1 = ?"",""answer"":""2"",""options"":[],""pairs"":[]},{""question"":""2 + 1 = ?"",""answer"":""3"",""options"":[],""pairs"":[]},{""question"":""3 + 2 = ?"",""answer"":""5"",""options"":[],""pairs"":[]},{""question"":""4 + 3 = ?"",""answer"":""7"",""options"":[],""pairs"":[]},{""question"":""5 + 4 = ?"",""answer"":""9"",""options"":[],""pairs"":[]}]","1","10","","696aaa80817ae3f616d697d2","2026-01-16T21:15:44.606000","2026-01-16T21:15:44.606000","696aa9031255ba6e2495e926","f.masek68@gmail.com","false"
"696aaa54817ae3f616d697c3","","quiz","Vyber v칳sledek","Vyber spr치vn칳 v칳sledek s캜칤t치n칤","[{""question"":""2 + 3 = ?"",""answer"":""5"",""options"":[""4"",""5"",""6"",""7""],""pairs"":[]},{""question"":""4 + 2 = ?"",""answer"":""6"",""options"":[""5"",""6"",""7"",""8""],""pairs"":[]},{""question"":""1 + 5 = ?"",""answer"":""6"",""options"":[""4"",""5"",""6"",""7""],""pairs"":[]},{""question"":""3 + 3 = ?"",""answer"":""6"",""options"":[""5"",""6"",""7"",""8""],""pairs"":[]}]","1","10","","696aaa80817ae3f616d697d3","2026-01-16T21:15:44.606000","2026-01-16T21:15:44.606000","696aa9031255ba6e2495e926","f.masek68@gmail.com","false"
"696aaa54817ae3f616d697c4","","fill","Od캜칤t치n칤 p콏칤klad콢","Napi코 v칳sledek p콏칤kladu","[{""question"":""3 - 1 = ?"",""answer"":""2"",""options"":[],""pairs"":[]},{""question"":""5 - 2 = ?"",""answer"":""3"",""options"":[],""pairs"":[]},{""question"":""7 - 3 = ?"",""answer"":""4"",""options"":[],""pairs"":[]},{""question"":""9 - 4 = ?"",""answer"":""5"",""options"":[],""pairs"":[]},{""question"":""10 - 5 = ?"",""answer"":""5"",""options"":[],""pairs"":[]}]","1","10","","696aaa80817ae3f616d697d4","2026-01-16T21:15:44.606000","2026-01-16T21:15:44.606000","696aa9031255ba6e2495e926","f.masek68@gmail.com","false"
"696aaa54817ae3f616d697c5","","quiz","Kter칠 je v캩t코칤?","Vyber v캩t코칤 캜칤slo","[{""question"":""Kter칠 캜칤slo je v캩t코칤?"",""answer"":""5"",""options"":[""3"",""5""],""pairs"":[]},{""question"":""Kter칠 캜칤slo je v캩t코칤?"",""answer"":""8"",""options"":[""8"",""4""],""pairs"":[]},{""question"":""Kter칠 캜칤slo je v캩t코칤?"",""answer"":""9"",""options"":[""7"",""9""],""pairs"":[]},{""question"":""Kter칠 캜칤slo je v캩t코칤?"",""answer"":""6"",""options"":[""2"",""6""],""pairs"":[]}]","1","10","","696aaa80817ae3f616d697d5","2026-01-16T21:15:44.606000","2026-01-16T21:15:44.606000","696aa9031255ba6e2495e926","f.masek68@gmail.com","false"